<?xml version="1.0" encoding="UTF-8"?>
<!--

      Licensed to the Apache Software Foundation (ASF) under one or more
      contributor license agreements.  See the NOTICE file distributed with
      this work for additional information regarding copyright ownership.
      The ASF licenses this file to You under the Apache License, Version 2.0
      (the "License"); you may not use this file except in compliance with
      the License.  You may obtain a copy of the License at

         http://www.apache.org/licenses/LICENSE-2.0

      Unless required by applicable law or agreed to in writing, software
      distributed under the License is distributed on an "AS IS" BASIS,
      WITHOUT WARRANTIES OR CONDITIONS OF ANY KIND, either express or implied.
      See the License for the specific language governing permissions and
      limitations under the License.
-->
<features name="karaf-2.3.0" xmlns="http://karaf.apache.org/xmlns/features/v1.0.0">

    <feature name="karaf-framework" description="Karaf core feature" version="2.3.0" resolver="(obr)">
        <bundle start-level="5">mvn:org.ops4j.pax.url/pax-url-mvn/1.3.5</bundle>
        <bundle start-level="5">mvn:org.ops4j.pax.url/pax-url-wrap/1.3.5</bundle>
        <bundle start-level="8">mvn:org.ops4j.pax.logging/pax-logging-api/1.7.0</bundle>
        <bundle start-level="8">mvn:org.ops4j.pax.logging/pax-logging-service/1.7.0</bundle>
        <bundle start-level="10">mvn:org.apache.felix/org.apache.felix.configadmin/1.4.0</bundle>
        <bundle start-level="11">mvn:org.apache.felix/org.apache.felix.fileinstall/3.2.6</bundle>
        <bundle start-level="20">mvn:org.ow2.asm/asm-all/4.0</bundle>
        <bundle start-level="20">mvn:org.apache.aries/org.apache.aries.util/1.0.0</bundle>
        <bundle start-level="20">mvn:org.apache.aries.proxy/org.apache.aries.proxy.api/1.0.0</bundle>
        <bundle start-level="20">mvn:org.apache.aries.proxy/org.apache.aries.proxy.impl/1.0.0</bundle>
        <bundle start-level="20">mvn:org.apache.aries.blueprint/org.apache.aries.blueprint.api/1.0.0</bundle>
        <bundle start-level="20">mvn:org.apache.aries.blueprint/org.apache.aries.blueprint.core/1.0.1</bundle>
        <bundle start-level="20">mvn:org.apache.aries.blueprint/org.apache.aries.blueprint.cm/1.0.0</bundle>
        <bundle start-level="30">mvn:org.apache.karaf.shell/org.apache.karaf.shell.console/2.3.0</bundle>
        <bundle start-level="30">mvn:org.apache.karaf.shell/org.apache.karaf.shell.osgi/2.3.0</bundle>
        <bundle start-level="30">mvn:org.apache.karaf.shell/org.apache.karaf.shell.log/2.3.0</bundle>
        <bundle start-level="30">mvn:org.apache.karaf.shell/org.apache.karaf.shell.packages/2.3.0</bundle>
        <bundle start-level="30">mvn:org.apache.karaf.shell/org.apache.karaf.shell.commands/2.3.0</bundle>
        <bundle start-level="30">mvn:org.apache.karaf.shell/org.apache.karaf.shell.dev/2.3.0</bundle>
        <bundle start-level="30">mvn:org.apache.karaf.jaas/org.apache.karaf.jaas.config/2.3.0</bundle>
        <bundle start-level="30">mvn:org.apache.karaf.jaas/org.apache.karaf.jaas.modules/2.3.0</bundle>
        <bundle start-level="30">mvn:org.apache.karaf.jaas/org.apache.karaf.jaas.command/2.3.0</bundle>
        <bundle start-level="25">mvn:org.apache.karaf.features/org.apache.karaf.features.core/2.3.0</bundle>
        <bundle start-level="30">mvn:org.apache.karaf.features/org.apache.karaf.features.command/2.3.0</bundle>
        <bundle start-level="30">mvn:org.apache.karaf.features/org.apache.karaf.features.management/2.3.0</bundle>
        <bundle start-level="30">mvn:org.apache.karaf.management/org.apache.karaf.management.server/2.3.0</bundle>
        <bundle start-level="30">mvn:org.apache.aries.jmx/org.apache.aries.jmx.api/1.0.0</bundle>
        <bundle start-level="30">mvn:org.apache.aries.jmx/org.apache.aries.jmx.core/1.0.1</bundle>
        <bundle start-level="30">mvn:org.apache.aries.jmx/org.apache.aries.jmx.blueprint.api/1.0.0</bundle>
        <bundle start-level="30">mvn:org.apache.aries.jmx/org.apache.aries.jmx.blueprint.core/1.0.1</bundle>
    </feature>

    <!-- Spring 2 support -->
    <feature name="spring" description="Spring support" version="2.5.6.SEC03" resolver="(obr)">
        <bundle dependency="true" start-level="30">mvn:org.apache.servicemix.bundles/org.apache.servicemix.bundles.aopalliance/1.0_6</bundle>
        <bundle start-level="30">mvn:org.springframework/spring-core/2.5.6.SEC03</bundle>
        <bundle start-level="30">mvn:org.springframework/spring-beans/2.5.6.SEC03</bundle>
        <bundle start-level="30">mvn:org.springframework/spring-aop/2.5.6.SEC03</bundle>
        <bundle start-level="30">mvn:org.springframework/spring-context/2.5.6.SEC03</bundle>
        <bundle start-level="30">mvn:org.springframework/spring-context-support/2.5.6.SEC03</bundle>
    </feature>

    <feature name="spring-web" description="Spring 2 Web support" version="2.5.6.SEC03" resolver="(obr)">
    	<feature version="2.5.6.SEC03">spring</feature>
    	<feature version="[2,3)">http</feature>
    	<bundle start-level="30">mvn:org.springframework/spring-web/2.5.6.SEC03</bundle>
		<bundle start-level="30">mvn:org.springframework/spring-webmvc/2.5.6.SEC03</bundle>
    </feature>

    <!-- Spring 3.0 support -->

    <feature name="spring" description="Spring support" version="3.0.7.RELEASE" resolver="(obr)">
        <bundle dependency="true" start-level="30">mvn:org.apache.servicemix.bundles/org.apache.servicemix.bundles.aopalliance/1.0_6</bundle>
        <bundle start-level="30">mvn:org.springframework/spring-core/3.0.7.RELEASE</bundle>
        <bundle start-level="30">mvn:org.springframework/spring-asm/3.0.7.RELEASE</bundle>
        <bundle start-level="30">mvn:org.springframework/spring-expression/3.0.7.RELEASE</bundle>
        <bundle start-level="30">mvn:org.springframework/spring-beans/3.0.7.RELEASE</bundle>
        <bundle start-level="30">mvn:org.springframework/spring-aop/3.0.7.RELEASE</bundle>
        <bundle start-level="30">mvn:org.springframework/spring-context/3.0.7.RELEASE</bundle>
        <bundle start-level="30">mvn:org.springframework/spring-context-support/3.0.7.RELEASE</bundle>
    </feature>

    <feature name="spring-aspects" description="Spring AOP support" version="3.0.7.RELEASE" resolver="(obr)">
        <feature version="3.0.7.RELEASE">spring</feature>
        <bundle start-level="30">mvn:org.springframework/spring-aspects/3.0.7.RELEASE</bundle>
    </feature>

    <feature name="spring-dm" description="Spring DM support" version="1.2.1" resolver="(obr)">
        <feature version="[2.5.6,4)">spring</feature>
        <bundle dependency="true" start-level="30">mvn:org.apache.servicemix.bundles/org.apache.servicemix.bundles.cglib/2.2.2_1</bundle>
        <bundle start-level="30">mvn:org.springframework.osgi/spring-osgi-io/1.2.1</bundle>
        <bundle start-level="30">mvn:org.springframework.osgi/spring-osgi-core/1.2.1</bundle>
        <bundle start-level="30">mvn:org.springframework.osgi/spring-osgi-extender/1.2.1</bundle>
        <bundle start-level="30">mvn:org.springframework.osgi/spring-osgi-annotation/1.2.1</bundle>
        <bundle start-level="30">mvn:org.apache.karaf.deployer/org.apache.karaf.deployer.spring/2.3.0</bundle>
    </feature>

    <feature name="spring-dm-web" description="Spring DM Web Support" version="1.2.1" resolver="(obr)">
    	<feature version="1.2.1">spring-dm</feature>
    	<feature version="[2.5.6,4)">spring-web</feature>
    	<feature version="[2,3)">http</feature>
		<bundle start-level="30">mvn:org.springframework.osgi/spring-osgi-web/1.2.1</bundle>
    </feature>

    <feature name="spring-instrument" description="Spring Instrument support" version="3.0.7.RELEASE" resolver="(obr)">
        <feature version="3.0.7.RELEASE">spring</feature>
        <bundle start-level="30">mvn:org.springframework/spring-instrument/3.0.7.RELEASE</bundle>
    </feature>

    <feature name="spring-jdbc" description="Spring JDBC support" version="3.0.7.RELEASE" resolver="(obr)">
        <feature version="3.0.7.RELEASE">spring-tx</feature>
        <bundle start-level="30">mvn:org.springframework/spring-jdbc/3.0.7.RELEASE</bundle>
    </feature>

    <feature name="spring-jms" description="Spring JMS support" version="3.0.7.RELEASE" resolver="(obr)">
        <feature version="3.0.7.RELEASE">spring-web</feature>
        <bundle start-level="10">mvn:org.apache.geronimo.specs/geronimo-jta_1.1_spec/1.1.1</bundle>
        <bundle start-level="10">mvn:org.apache.geronimo.specs/geronimo-jms_1.1_spec/1.1.1</bundle>
        <bundle start-level="30">mvn:org.springframework/spring-jms/3.0.7.RELEASE</bundle>
        <bundle start-level="30">mvn:org.springframework/spring-tx/3.0.7.RELEASE</bundle>
    </feature>

    <feature name="spring-struts" description="Spring Struts support" version="3.0.7.RELEASE" resolver="(obr)">
        <feature version="3.0.7.RELEASE">spring-web</feature>
        <feature>war</feature>
        <bundle dependency="true" start-level="30">mvn:commons-collections/commons-collections/3.2.1</bundle>
        <bundle dependency="true" start-level="30">mvn:commons-beanutils/commons-beanutils/1.8.3</bundle>
        <bundle dependency="true" start-level="30">mvn:org.apache.servicemix.bundles/org.apache.servicemix.bundles.struts/1.3.10_1</bundle>
        <bundle start-level="30">mvn:org.springframework/spring-struts/3.0.7.RELEASE</bundle>
    </feature>

    <feature name="spring-test" description="Spring Test support" version="3.0.7.RELEASE" resolver="(obr)">
        <feature version="3.0.7.RELEASE">spring</feature>
        <bundle start-level="30">mvn:org.springframework/spring-test/3.0.7.RELEASE</bundle>
    </feature>

    <feature name="spring-orm" description="Spring ORM support" version="3.0.7.RELEASE" resolver="(obr)">
        <feature version="3.0.7.RELEASE">spring-jdbc</feature>
        <bundle start-level="30">mvn:org.springframework/spring-orm/3.0.7.RELEASE</bundle>
    </feature>

    <feature name="spring-oxm" description="Spring OXM support" version="3.0.7.RELEASE" resolver="(obr)">
        <feature version="3.0.7.RELEASE">spring</feature>
        <bundle start-level="30">mvn:org.springframework/spring-oxm/3.0.7.RELEASE</bundle>
    </feature>

    <feature name="spring-tx" description="Spring Transaction (TX) support" version="3.0.7.RELEASE" resolver="(obr)">
        <feature version="3.0.7.RELEASE">spring</feature>
        <bundle start-level="30">mvn:org.springframework/spring-tx/3.0.7.RELEASE</bundle>
    </feature>

    <feature name="spring-web" description="Spring Web support" version="3.0.7.RELEASE" resolver="(obr)">
    	<feature version="3.0.7.RELEASE">spring</feature>
    	<feature version="[2,3)">http</feature>
    	<bundle start-level="30">mvn:org.springframework/spring-web/3.0.7.RELEASE</bundle>
		<bundle start-level="30">mvn:org.springframework/spring-webmvc/3.0.7.RELEASE</bundle>
    </feature>

    <feature name="spring-web-portlet" description="Spring Web Portlet support" version="3.0.7.RELEASE" resolver="(obr)">
        <feature version="3.0.7.RELEASE">spring-web</feature>
        <bundle dependency="true" start-level="30">mvn:javax.portlet/portlet-api/2.0</bundle>
        <bundle start-level="30">mvn:org.springframework/spring-webmvc-portlet/3.0.7.RELEASE</bundle>
    </feature>

    <!-- Spring 3.1 support -->

    <feature name="spring31" description="Spring 3.1 support" version="3.1.2.RELEASE" resolver="(obr)">
        <bundle dependency="true" start-level="30">mvn:org.apache.servicemix.bundles/org.apache.servicemix.bundles.aopalliance/1.0_6</bundle>
        <bundle start-level="30">mvn:org.springframework/spring-core/3.1.2.RELEASE</bundle>
        <bundle start-level="30">mvn:org.springframework/spring-asm/3.1.2.RELEASE</bundle>
        <bundle start-level="30">mvn:org.springframework/spring-expression/3.1.2.RELEASE</bundle>
        <bundle start-level="30">mvn:org.springframework/spring-beans/3.1.2.RELEASE</bundle>
        <bundle start-level="30">mvn:org.springframework/spring-aop/3.1.2.RELEASE</bundle>
        <bundle start-level="30">mvn:org.springframework/spring-context/3.1.2.RELEASE</bundle>
        <bundle start-level="30">mvn:org.springframework/spring-context-support/3.1.2.RELEASE</bundle>
    </feature>

    <feature name="spring31-aspects" description="Spring 3.1 AOP support" version="3.1.2.RELEASE" resolver="(obr)">
        <feature version="3.1.2.RELEASE">spring31</feature>
        <bundle start-level="30">mvn:org.springframework/spring-aspects/3.1.2.RELEASE</bundle>
    </feature>

    <feature name="spring31-instrument" description="Spring 3.1 Instrument support" version="3.1.2.RELEASE" resolver="(obr)">
        <feature version="3.1.2.RELEASE">spring31</feature>
        <bundle start-level="30">mvn:org.springframework/spring-instrument/3.1.2.RELEASE</bundle>
    </feature>

    <feature name="spring31-jdbc" description="Spring 3.1 JDBC support" version="3.1.2.RELEASE" resolver="(obr)">
        <feature version="3.1.2.RELEASE">spring31-tx</feature>
        <bundle start-level="30">mvn:org.springframework/spring-jdbc/3.1.2.RELEASE</bundle>
    </feature>

    <feature name="spring31-jms" description="Spring 3.1 JMS support" version="3.1.2.RELEASE" resolver="(obr)">
        <feature version="3.1.2.RELEASE">spring31-web</feature>
        <bundle start-level="10">mvn:org.apache.geronimo.specs/geronimo-jta_1.1_spec/1.1.1</bundle>
        <bundle start-level="10">mvn:org.apache.geronimo.specs/geronimo-jms_1.1_spec/1.1.1</bundle>
        <bundle start-level="30">mvn:org.springframework/spring-jms/3.1.2.RELEASE</bundle>
        <bundle start-level="30">mvn:org.springframework/spring-tx/3.1.2.RELEASE</bundle>
    </feature>

    <feature name="spring31-struts" description="Spring 3.1 Struts support" version="3.1.2.RELEASE" resolver="(obr)">
        <feature version="3.1.2.RELEASE">spring31-web</feature>
        <feature>war</feature>
        <bundle dependency="true" start-level="30">mvn:commons-collections/commons-collections/3.2.1</bundle>
        <bundle dependency="true" start-level="30">mvn:commons-beanutils/commons-beanutils/1.8.3</bundle>
        <bundle dependency="true" start-level="30">mvn:org.apache.servicemix.bundles/org.apache.servicemix.bundles.struts/1.3.10_1</bundle>
        <bundle start-level="30">mvn:org.springframework/spring-struts/3.1.2.RELEASE</bundle>
    </feature>

    <feature name="spring31-test" description="Spring 3.1 Test support" version="3.1.2.RELEASE" resolver="(obr)">
        <feature version="3.1.2.RELEASE">spring31</feature>
        <bundle start-level="30">mvn:org.springframework/spring-test/3.1.2.RELEASE</bundle>
    </feature>

    <feature name="spring31-orm" description="Spring 3.1 ORM support" version="3.1.2.RELEASE" resolver="(obr)">
        <feature version="3.1.2.RELEASE">spring31-jdbc</feature>
        <bundle start-level="30">mvn:org.springframework/spring-orm/3.1.2.RELEASE</bundle>
    </feature>

    <feature name="spring31-oxm" description="Spring 3.1 OXM support" version="3.1.2.RELEASE" resolver="(obr)">
        <feature version="3.1.2.RELEASE">spring31</feature>
        <bundle start-level="30">mvn:org.springframework/spring-oxm/3.1.2.RELEASE</bundle>
    </feature>

    <feature name="spring31-tx" description="Spring 3.1 Transaction (TX) support" version="3.1.2.RELEASE" resolver="(obr)">
        <feature version="3.1.2.RELEASE">spring31</feature>
        <bundle start-level="30">mvn:org.springframework/spring-tx/3.1.2.RELEASE</bundle>
    </feature>

    <feature name="spring31-web" description="Spring 3.1 Web support" version="3.1.2.RELEASE" resolver="(obr)">
        <feature version="3.1.2.RELEASE">spring31</feature>
        <feature version="[2,3)">http</feature>
        <bundle start-level="30">mvn:org.springframework/spring-web/3.1.2.RELEASE</bundle>
        <bundle start-level="30">mvn:org.springframework/spring-webmvc/3.1.2.RELEASE</bundle>
    </feature>

    <feature name="spring31-web-portlet" description="Spring 3.1 Web Portlet support" version="3.1.2.RELEASE" resolver="(obr)">
        <feature version="3.1.2.RELEASE">spring31-web</feature>
        <bundle dependency="true" start-level="30">mvn:javax.portlet/portlet-api/2.0</bundle>
        <bundle start-level="30">mvn:org.springframework/spring-webmvc-portlet/3.1.2.RELEASE</bundle>
    </feature>

    <feature name="wrapper" description="Provide OS integration" version="2.3.0">
        <bundle>mvn:org.apache.karaf.shell/org.apache.karaf.shell.wrapper/2.3.0</bundle>
    </feature>

    <feature name="obr" description="Provide OSGi Bundle Repository (OBR) support" version="2.3.0">
        <bundle start-level="30">mvn:org.apache.felix/org.osgi.service.obr/1.0.2</bundle>
        <bundle start-level="30">mvn:org.apache.felix/org.apache.felix.bundlerepository/1.6.6</bundle>
        <bundle start-level="30">mvn:org.apache.karaf.shell/org.apache.karaf.shell.obr/2.3.0</bundle>
        <bundle start-level="30">mvn:org.apache.karaf.features/org.apache.karaf.features.obr/2.3.0</bundle>
        <bundle start-level="30">mvn:org.apache.karaf.management.mbeans/org.apache.karaf.management.mbeans.obr/2.3.0</bundle>
        <bundle start-level="30">mvn:org.ops4j.pax.url/pax-url-obr/1.3.5</bundle>
    </feature>

    <feature name="config" description="Provide OSGi ConfigAdmin support" version="2.3.0">
        <bundle start-level="30">mvn:org.apache.karaf.shell/org.apache.karaf.shell.config/2.3.0</bundle>
    </feature>

    <feature name="jetty" description="Provide Jetty engine support" version="7.6.7.v20120910" resolver="(obr)">
        <bundle dependency="true" start-level="30">mvn:org.apache.servicemix.specs/org.apache.servicemix.specs.activation-api-1.1/2.1.0</bundle>
        <bundle dependency="true" start-level="30">mvn:org.apache.geronimo.specs/geronimo-servlet_2.5_spec/1.1.2</bundle>
        <bundle dependency="true" start-level="30">mvn:javax.mail/mail/1.4.5</bundle>
        <bundle dependency="true" start-level="30">mvn:org.apache.geronimo.specs/geronimo-jta_1.1_spec/1.1.1</bundle>
        <bundle start-level="30">mvn:org.eclipse.jetty/jetty-util/7.6.7.v20120910</bundle>
        <bundle start-level="30">mvn:org.eclipse.jetty/jetty-io/7.6.7.v20120910</bundle>
        <bundle start-level="30">mvn:org.eclipse.jetty/jetty-http/7.6.7.v20120910</bundle>
        <bundle start-level="30">mvn:org.eclipse.jetty/jetty-client/7.6.7.v20120910</bundle>
        <bundle start-level="30">mvn:org.eclipse.jetty/jetty-continuation/7.6.7.v20120910</bundle>
        <bundle start-level="30">mvn:org.eclipse.jetty/jetty-jmx/7.6.7.v20120910</bundle>
        <bundle start-level="30">mvn:org.eclipse.jetty/jetty-server/7.6.7.v20120910</bundle>
        <bundle start-level="30">mvn:org.eclipse.jetty/jetty-security/7.6.7.v20120910</bundle>
        <bundle start-level="30">mvn:org.eclipse.jetty/jetty-servlet/7.6.7.v20120910</bundle>
        <bundle start-level="30">mvn:org.eclipse.jetty/jetty-servlets/7.6.7.v20120910</bundle>
        <bundle start-level="30">mvn:org.eclipse.jetty/jetty-xml/7.6.7.v20120910</bundle>
        <bundle start-level="30">mvn:org.eclipse.jetty/jetty-webapp/7.6.7.v20120910</bundle>
        <bundle start-level="30">mvn:org.eclipse.jetty/jetty-jndi/7.6.7.v20120910</bundle>
        <bundle start-level="30">mvn:org.eclipse.jetty/jetty-plus/7.6.7.v20120910</bundle>
        <bundle start-level="30">mvn:org.eclipse.jetty/jetty-websocket/7.6.7.v20120910</bundle>
    </feature>

    <feature name="http" description="Implementation of the OSGi HTTP service" version="2.3.0" resolver="(obr)">
        <configfile finalname="/etc/jetty.xml">mvn:org.apache.karaf/apache-karaf/2.3.0/xml/jettyconfig</configfile>
        <config name="org.ops4j.pax.web">
            org.osgi.service.http.port=8181
            javax.servlet.context.tempdir=${karaf.data}/pax-web-jsp
            org.ops4j.pax.web.config.file=${karaf.base}/etc/jetty.xml
        </config>
        <feature version="[7.0,8.0)">jetty</feature>
    	<bundle start-level="30">mvn:org.ops4j.pax.web/pax-web-api/1.1.3</bundle>
        <bundle start-level="30">mvn:org.ops4j.pax.web/pax-web-spi/1.1.3</bundle>
        <bundle start-level="30">mvn:org.ops4j.pax.web/pax-web-runtime/1.1.3</bundle>
        <bundle start-level="30">mvn:org.ops4j.pax.web/pax-web-jetty/1.1.3</bundle>
    </feature>

    <feature name="http-whiteboard" description="Provide HTTP Whiteboard pattern support" version="2.3.0" resolver="(obr)">
        <feature version="[2,3)">http</feature>
        <bundle start-level="30">mvn:org.ops4j.pax.web/pax-web-extender-whiteboard/1.1.3</bundle>
    </feature>

    <feature name="war" description="Turn Karaf as a full WebContainer" version="2.3.0" resolver="(obr)">
        <config name="org.ops4j.pax.url.war">
            org.ops4j.pax.url.war.importPaxLoggingPackages=true
        </config>
        <feature>http-whiteboard</feature>
        <bundle start-level='30'>mvn:org.apache.karaf.shell/org.apache.karaf.shell.web/2.3.0</bundle>
        <bundle start-level='30'>mvn:org.apache.karaf.management.mbeans/org.apache.karaf.management.mbeans.web/2.3.0</bundle>
        <bundle start-level="30">mvn:org.ops4j.pax.web/pax-web-jsp/1.1.3</bundle>
        <bundle start-level="30">mvn:org.ops4j.pax.web/pax-web-extender-war/1.1.3</bundle>
        <bundle start-level="30">mvn:org.ops4j.pax.web/pax-web-deployer/1.1.3</bundle>
        <bundle start-level="30">mvn:org.ops4j.pax.url/pax-url-war/1.3.5</bundle>
    </feature>

    <feature name="kar" description="Provide KAR (KARaf archive) support" version="2.3.0">
        <bundle start-level="30">mvn:org.apache.karaf.deployer/org.apache.karaf.deployer.kar/2.3.0</bundle>
    </feature>

    <feature name="webconsole-base" description="Base support of the Karaf WebConsole" version="2.3.0">
        <config name="org.apache.karaf.webconsole">
            realm=karaf
            role=${karaf.admin.role}
        </config>
        <feature version="[2,3)">http</feature>
        <bundle start-level="30">mvn:org.apache.felix/org.apache.felix.metatype/1.0.4</bundle>
        <bundle start-level="30">mvn:org.apache.karaf.webconsole/org.apache.karaf.webconsole.branding/2.3.0</bundle>
        <bundle start-level="30">mvn:org.apache.karaf.webconsole/org.apache.karaf.webconsole.console/2.3.0</bundle>
    </feature>

    <feature name="webconsole" description="Karaf WebConsole for administration and monitoring" version="2.3.0">
        <feature version="2.3.0">webconsole-base</feature>
        <bundle start-level="30">mvn:org.apache.karaf.webconsole/org.apache.karaf.webconsole.admin/2.3.0</bundle>
        <bundle start-level="30">mvn:org.apache.karaf.webconsole/org.apache.karaf.webconsole.features/2.3.0</bundle>
        <bundle start-level="30">mvn:org.apache.karaf.webconsole/org.apache.karaf.webconsole.gogo/2.3.0</bundle>
		<bundle start-level="30">mvn:org.apache.felix/org.apache.felix.webconsole.plugins.event/1.0.2</bundle>
    </feature>

    <feature name="ssh" description="Provide a SSHd server on Karaf" version="2.3.0">
        <config name="org.apache.karaf.shell">
            sshPort=8101
            sshHost=0.0.0.0
            sshRealm=karaf
            hostKey=${karaf.base}/etc/host.key
        </config>
        <bundle start-level="30" dependency='true'>mvn:org.apache.mina/mina-core/2.0.7</bundle>
        <bundle start-level="30" dependency='true'>mvn:org.apache.sshd/sshd-core/0.8.0</bundle>
        <bundle start-level="30">mvn:org.apache.karaf.shell/org.apache.karaf.shell.ssh/2.3.0</bundle>
    </feature>

    <feature name="management" description="Provide a JMX MBeanServer and a set of MBeans in Karaf" version="2.3.0">
        <bundle start-level="30">mvn:org.apache.karaf.management/org.apache.karaf.management.server/2.3.0</bundle>
        <bundle start-level="30">mvn:org.apache.aries.jmx/org.apache.aries.jmx.api/1.0.0</bundle>
        <bundle start-level="30">mvn:org.apache.aries.jmx/org.apache.aries.jmx.core/1.0.1</bundle>
        <bundle start-level="30">mvn:org.apache.aries.jmx/org.apache.aries.jmx.blueprint.api/1.0.0</bundle>
        <bundle start-level="30">mvn:org.apache.aries.jmx/org.apache.aries.jmx.blueprint.core/1.0.1</bundle>
        <bundle start-level="30">mvn:org.apache.karaf.management.mbeans/org.apache.karaf.management.mbeans.system/2.3.0</bundle>
        <bundle start-level="30">mvn:org.apache.karaf.management.mbeans/org.apache.karaf.management.mbeans.bundles/2.3.0</bundle>
        <bundle start-level="30">mvn:org.apache.karaf.management.mbeans/org.apache.karaf.management.mbeans.services/2.3.0</bundle>
        <bundle start-level="30">mvn:org.apache.karaf.management.mbeans/org.apache.karaf.management.mbeans.config/2.3.0</bundle>
        <bundle start-level="30">mvn:org.apache.karaf.management.mbeans/org.apache.karaf.management.mbeans.log/2.3.0</bundle>
        <bundle start-level="30">mvn:org.apache.karaf.management.mbeans/org.apache.karaf.management.mbeans.packages/2.3.0</bundle>
        <bundle start-level="30">mvn:org.apache.karaf.management.mbeans/org.apache.karaf.management.mbeans.dev/2.3.0</bundle>
    </feature>

    <feature name="eventadmin" description="OSGi Event Admin service specification for event-based communication" version="2.3.0">
		<bundle start-level='30'>mvn:org.apache.felix/org.apache.felix.eventadmin/1.3.0</bundle>
    </feature>

    <feature name="jasypt-encryption" description="Advanced encryption support for Karaf security" version="2.3.0" resolver="(obr)">
        <bundle dependency="true" start-level="30">mvn:commons-codec/commons-codec/1.6</bundle>
        <bundle dependency='true' start-level="30">mvn:commons-lang/commons-lang/2.6</bundle>
        <bundle dependency='true' start-level="30">mvn:org.apache.servicemix.bundles/org.apache.servicemix.bundles.jasypt/1.9.0_1</bundle>
        <bundle start-level="30">mvn:org.apache.karaf.jaas/org.apache.karaf.jaas.jasypt/2.3.0</bundle>
    </feature>

    <feature name="scr" description="Declarative Service support" version="2.3.0" resolver="(obr)">
        <feature>eventadmin</feature>
        <bundle dependency="true" start-level="30">mvn:org.apache.felix/org.apache.felix.metatype/1.0.4</bundle>
        <bundle dependency="true" start-level="30">mvn:org.apache.felix/org.apache.felix.scr/1.6.0</bundle>
        <bundle start-level="30">mvn:org.apache.karaf.shell/org.apache.karaf.shell.scr/2.3.0</bundle>
        <bundle start-level="30">mvn:org.apache.karaf.management.mbeans/org.apache.karaf.management.mbeans.scr/2.3.0</bundle>
    </feature>
</features>
